"","K","r","sigma","p","Bmsy","MSY","Fmsy","LL"
"1",2479.11268122935,1.08145651346394,0.499288510118437,3,1561.74312607109,422.239319011778,0.270364128365984,27.9650768564287
