"","K","r","sigma","p"
"est",2479.11268122935,1.08145651346394,0.499288510118437,3
"sd(est)",217.289862455649,0.213459990407697,0.095866196039848,0.24743199662297
