"","K","r","sigma","p","Bmsy","MSY","Fmsy","LL"
"1",5056.00732552429,0.103107850940349,0.833446828144066,0.001,1860.930762741,191.684886808173,0.10300484609424,38.5980562345164
