"","K","r","sigma","p"
"est",5056.00732552429,0.103107850940349,0.833446828144066,0.001
"sd(est)",1617.56363929905,0.0865235789797309,0.115034945499327,0.000570005908755202
