"","K","r","sigma","p","Bmsy","MSY","Fmsy","LL"
"1",3017.29647200162,0.233772016868177,0.16076010099742,0.001,1110.55610950395,259.357583979996,0.233538478389753,7.10603911337202
