"","K","r","sigma","p","Bmsy","MSY","Fmsy","LL"
"1",2959.64206454991,0.434388805286347,0.577614302005719,1,1479.82103227496,321.408845123764,0.217194402643174,31.2573398653177
