"","K","r","sigma","p"
"est",2959.64206454991,0.434388805286347,0.577614302005719,1
"sd(est)",337.500508583644,0.0852751069503443,0.0680575308186815,0.106584991626448
